<?xml version="1.0" encoding="utf-8"?>
<configs>

<append xpath="/buffs">
	<buff name="ZombiePoisonBuff" hidden="true">
		<damage_type value="radiation"/>
		<stack_type value="replace"/>
		<duration value="120"/>
		<effect_group>
			<!-- <triggered_effect trigger="onSelfBuffStart" action="AddBuff" buff="buffIsOnFire"/>-->

			<passive_effect name="AttributeLevel" operation="base_subtract" value="1" tags="attStrength"/>
			<triggered_effect trigger="onSelfBuffStart" action="AddBuff" target="self" buff="buffPerkAbilityUpdate"/>
			<triggered_effect trigger="onSelfBuffRemove" action="AddBuff" target="self" buff="buffPerkAbilityUpdate"/>

			<passive_effect name="HealthChangeOT" operation="base_subtract" value="15"/>
		</effect_group>
	</buff>
		<buff name="buffUniqueMeleeShocked" description_key="buffShockedDesc" tooltip_key="buffShockedTooltip" icon="ui_game_symbol_electric_power" name_key="buffShockedName" icon_color="255,0,0">
		<damage_type value="electrical"/>
		<stack_type value="replace"/>
		<duration value="20.5"/>
		<effect_group>
			<passive_effect name="HealthChangeOT" operation="base_add" value="-16"/>
			<passive_effect name="RunSpeed" operation="perc_subtract" value="0.9,0" duration="0,3.2"/>
			<passive_effect name="WalkSpeed" operation="perc_subtract" value="0.9,0" duration="0,3.2"/>
			<passive_effect name="CrouchSpeed" operation="perc_subtract" value="0.9,0" duration="0,3.2"/>
			<passive_effect name="JumpStrength" operation="perc_subtract" value="0.9,0" duration="0,3.2"/>

			<triggered_effect trigger="onSelfBuffStart" action="AttachParticleEffectToEntity" particle="p_electric_shock" local_offset="0,0.75,0"/>
			<triggered_effect trigger="onSelfEnteredGame" action="AttachParticleEffectToEntity" particle="p_electric_shock" local_offset="0,0.75,0"/>

			<triggered_effect trigger="onSelfDied" action="RemoveParticleEffectFromEntity" particle="p_electric_shock" />

			<triggered_effect trigger="onSelfBuffFinish" action="RemoveParticleEffectFromEntity" particle="p_electric_shock" />
			<triggered_effect trigger="onSelfBuffRemove" action="RemoveParticleEffectFromEntity" particle="p_electric_shock" />
			<triggered_effect trigger="onSelfLeaveGame" action="RemoveParticleEffectFromEntity" particle="p_electric_shock" />

			<triggered_effect trigger="onSelfBuffStart" action="PlaySound" target="self" sound="electric_fence_impact" />
			<triggered_effect trigger="onSelfBuffRemove" action="FadeOutSound" target="self" sound="electric_fence_impact" />
			<triggered_effect trigger="onSelfLeaveGame" action="StopSound" target="self" sound="electric_fence_impact" />
		</effect_group>
	</buff>
	<buff name="buffMeleeShocked" description_key="buffShockedDesc" tooltip_key="buffShockedTooltip" icon="ui_game_symbol_electric_power" name_key="buffShockedName" icon_color="255,0,0">
		<damage_type value="electrical"/>
		<stack_type value="replace"/>
		<duration value="6.5"/>
		<effect_group>
			<passive_effect name="HealthChangeOT" operation="base_add" value="-12"/>
			<passive_effect name="RunSpeed" operation="perc_subtract" value="0.9,0" duration="0,6.2"/>
			<passive_effect name="WalkSpeed" operation="perc_subtract" value="0.9,0" duration="0,6.2"/>
			<passive_effect name="CrouchSpeed" operation="perc_subtract" value="0.9,0" duration="0,6.2"/>
			<passive_effect name="JumpStrength" operation="perc_subtract" value="0.9,0" duration="0,6.2"/>

			<triggered_effect trigger="onSelfBuffStart" action="AttachParticleEffectToEntity" particle="p_electric_shock" local_offset="0,0.75,0"/>
			<triggered_effect trigger="onSelfEnteredGame" action="AttachParticleEffectToEntity" particle="p_electric_shock" local_offset="0,0.75,0"/>

			<triggered_effect trigger="onSelfDied" action="RemoveParticleEffectFromEntity" particle="p_electric_shock" />

			<triggered_effect trigger="onSelfBuffFinish" action="RemoveParticleEffectFromEntity" particle="p_electric_shock" />
			<triggered_effect trigger="onSelfBuffRemove" action="RemoveParticleEffectFromEntity" particle="p_electric_shock" />
			<triggered_effect trigger="onSelfLeaveGame" action="RemoveParticleEffectFromEntity" particle="p_electric_shock" />

			<triggered_effect trigger="onSelfBuffStart" action="PlaySound" target="self" sound="electric_fence_impact" />
			<triggered_effect trigger="onSelfBuffRemove" action="FadeOutSound" target="self" sound="electric_fence_impact" />
			<triggered_effect trigger="onSelfLeaveGame" action="StopSound" target="self" sound="electric_fence_impact" />
		</effect_group>
	</buff>
		<buff name="buffMeleeShockedStrong" description_key="buffShockedDesc" tooltip_key="buffShockedTooltip" icon="ui_game_symbol_electric_power" name_key="buffShockedName" icon_color="255,0,0">
		<damage_type value="electrical"/>
		<stack_type value="replace"/>
		<duration value="12.5"/>
		<effect_group>
			<passive_effect name="HealthChangeOT" operation="base_add" value="-18"/>
			<passive_effect name="RunSpeed" operation="perc_subtract" value="0.9,0" duration="0,12.2"/>
			<passive_effect name="WalkSpeed" operation="perc_subtract" value="0.9,0" duration="0,12.2"/>
			<passive_effect name="CrouchSpeed" operation="perc_subtract" value="0.9,0" duration="0,12.2"/>
			<passive_effect name="JumpStrength" operation="perc_subtract" value="0.9,0" duration="0,12.2"/>

			<triggered_effect trigger="onSelfBuffStart" action="AttachParticleEffectToEntity" particle="p_electric_shock" local_offset="0,0.75,0"/>
			<triggered_effect trigger="onSelfEnteredGame" action="AttachParticleEffectToEntity" particle="p_electric_shock" local_offset="0,0.75,0"/>

			<triggered_effect trigger="onSelfDied" action="RemoveParticleEffectFromEntity" particle="p_electric_shock" />

			<triggered_effect trigger="onSelfBuffFinish" action="RemoveParticleEffectFromEntity" particle="p_electric_shock" />
			<triggered_effect trigger="onSelfBuffRemove" action="RemoveParticleEffectFromEntity" particle="p_electric_shock" />
			<triggered_effect trigger="onSelfLeaveGame" action="RemoveParticleEffectFromEntity" particle="p_electric_shock" />

			<triggered_effect trigger="onSelfBuffStart" action="PlaySound" target="self" sound="electric_fence_impact" />
			<triggered_effect trigger="onSelfBuffRemove" action="FadeOutSound" target="self" sound="electric_fence_impact" />
			<triggered_effect trigger="onSelfLeaveGame" action="StopSound" target="self" sound="electric_fence_impact" />
		</effect_group>
	</buff>
		<buff name="buffBurningUniqueWeapon" name_key="buffBurningWeaponName" icon="ui_game_symbol_fire" icon_color="0,255,0" hidden="true">
		<stack_type value="replace"/>
		<duration value="18"/>

		<effect_group>
			<requirement name="RandomRoll" seed_type="Random" target="self" min_max="0,100" operation="LTE" value="30"/>
			<triggered_effect trigger="onSelfPrimaryActionRayHit" action="AddBuff" target="other" buff="buffBurningElement"/>
		</effect_group>

		<effect_group>
				<triggered_effect trigger="onSelfBuffStart" action="AttachParticleEffectToEntity" particle="p_torch_wall" local_offset="0,0.3,0" parent_transform="GunJoint"/>
				<triggered_effect trigger="onSelfBuffStart" action="AttachPrefabToEntity" prefab="p_onFire" local_offset="0,0.3,0" parent_transform="GunJoint"/>
				<passive_effect name="DegradationPerUse" operation="perc_add" value="1.5"/>

			<triggered_effect trigger="onSelfBuffStart" action="AttachParticleEffectToEntity" particle="p_torch_wall" />
			<triggered_effect trigger="onSelfBuffRemove" action="RemoveParticleEffectFromEntity" particle="p_torch_wall"/>
			<triggered_effect trigger="onSelfDied" action="RemoveParticleEffectFromEntity" particle="p_torch_wall" />
		</effect_group>
<!--
			<triggered_effect trigger="onSelfBuffStart" action="PlaySound" sound="forge_fire_die">
				<requirement name="HoldingItemHasTags" tags="melee" />
			</triggered_effect>
			<triggered_effect trigger="onSelfBuffStart" action="RemoveBuff" target="other" buff="buffBurningWeapon"/>
				<requirement name="HoldingItemHasTags" tags="melee" invert="true"/>
			</triggered_effect>

			<requirement name="HoldingItemHasTags" tags="melee" />

			<triggered_effect trigger="onSelfBuffStart" action="AttachParticleEffectToEntity" particle="p_onFire"/>
			<triggered_effect trigger="onSelfBuffRemove" action="RemoveParticleEffectFromEntity" particle="p_onFire"/>
			<triggered_effect trigger="onSelfDied" action="RemoveParticleEffectFromEntity" particle="p_onFire" />
-->
	</buff>
		<buff name="ElectricProtection" name_key="ElectricProtection" description_key="ElectricProtection" tooltip_key="ElectricProtection" icon="ui_game_symbol_fire" icon_color="255,0,0" icon_blink="true">
		<damage_type value="electrical"/>
		<stack_type value="ignore"/>
		<duration value="0"/>
		<update_rate value="1"/>
		<!-- bookkeeping for all burning buffs -->

		<effect_group> <!-- extinguish any fire if wet or if buffExtinguishFire is executed -->
			<triggered_effect trigger="onSelfBuffUpdate" action="RemoveBuff" buff="buffUniqueMeleeShocked"/>
		</effect_group>

		<!--<effect_group>
			<requirements>
				<requirement name="NotHasBuff" buff="buffUniqueMeleeShocked"/>
			</requirements>
				<triggered_effect trigger="onSelfBuffUpdate" action="RemoveBuff" buff="buffIsOnFire"/>
		</effect_group>-->
	</buff>
	
	
	<buff name="buffStuffed" name_key="Stuffed" description_key="I couldn't eat another bite! -20% walk/run speed, -15% jump, +1 Fort, -1 AGI. HP Regen." tooltip_key="Ugh, so stuffed!" icon="ui_game_symbol_spatula" icon_color="217,217,35" tags="drug">
		<stack_type value="replace"/>
		<duration value="60"/>
		<effect_group>
				<triggered_effect trigger="onSelfBuffUpdate" action="RemoveBuff" target="self" buff="buffStuffed">
					<requirement name="HasBuff" buff="buffFatty"/>
				</triggered_effect>
				<triggered_effect trigger="onSelfBuffStart" action="AddBuff" target="self" buff="buffFatty">
						<requirement name="RandomRoll" seed_type="Random" target="self" min_max="0,100" operation="LTE" value="1"/>
				</triggered_effect>
			<passive_effect name="WalkSpeed" operation="perc_subtract" value=".2"/>
			<passive_effect name="RunSpeed" operation="perc_subtract" value=".2"/>
			<passive_effect name="HealthGain" operation="base_add" value="20" />
			<passive_effect name="JumpStrength" operation="perc_subtract" value=".15" />
			<passive_effect name="AttributeLevel" tags="attFortitude" operation="base_add" value="1" />
			<passive_effect name="AttributeLevel" tags="attAgility" operation="base_subtract" value="1" />
			<triggered_effect trigger="onSelfBuffStart" action="AddBuff" target="self" buff="buffPerkAbilityUpdate"/>
			<triggered_effect trigger="onSelfBuffRemove" action="AddBuff" target="self" buff="buffPerkAbilityUpdate"/>
					
					<triggered_effect trigger="onSelfBuffUpdate" action="RemoveBuff" target="self" buff="buffOneWithNature,buffNightTime,buffHealthy,buffRiseAndShine,buffBeefcake,buffPumpedUp,buffMartialArtist,buffKungFoo">
						<requirement name="HasBuff" buff="buffStuffed"/>
					</triggered_effect>
		</effect_group>
	</buff>
	
	<buff name="buffFatty" name_key="Fatty" description_key="Put Down the junk food!" tooltip_key="Oink Oink" icon="ui_game_symbol_stomach" icon_color="217,217,35" icon_blink="true" tags="drug">
		<stack_type value="replace"/>
		<duration value="30"/>
		<effect_group>
				<triggered_effect trigger="onSelfBuffStart" action="RemoveBuff" target="self" buff="buffStuffed"/>
			<passive_effect name="WalkSpeed" operation="perc_subtract" value=".4"/>
			<passive_effect name="RunSpeed" operation="perc_subtract" value=".5"/>
			<passive_effect name="HealthGain" operation="base_add" value="40" />
			<passive_effect name="JumpStrength" operation="perc_subtract" value=".3" />
			<passive_effect name="StaminaChangeOT" operation="perc_subtract" value=".5" />
			<passive_effect name="AttributeLevel" tags="attFortitude" operation="base_add" value="3" />
			<passive_effect name="AttributeLevel" tags="attAgility" operation="base_subtract" value="3" />
			<triggered_effect trigger="onSelfBuffStart" action="AddBuff" target="self" buff="buffPerkAbilityUpdate"/>
			<triggered_effect trigger="onSelfBuffRemove" action="AddBuff" target="self" buff="buffPerkAbilityUpdate"/>
			<triggered_effect trigger="onSelfBuffRemove" action="AddBuff" target="self" buff="buffStuffed"/>
					<triggered_effect trigger="onSelfBuffStart" action="RemoveBuff" target="self" buff="buffDrunky">
						<requirement name="HasBuff" buff="buffFatty"/>
						<requirement name="RandomRoll" seed_type="Random" target="self" min_max="0,100" operation="LTE" value="15"/>
					</triggered_effect>
					<triggered_effect trigger="onSelfBuffUpdate" action="RemoveBuff" target="self" buff="buffAllNatural,buffNightTime,buffOneWithNature,buffHealthy,buffRiseAndShine,buffBeefcake,buffPumpedUp,buffMartialArtist,buffKungFoo">
						<requirement name="HasBuff" buff="buffFatty"/>
					</triggered_effect>
		</effect_group>
	</buff>
	
	<buff name="buffDrunky" name_key="Drunky!" description_key="Whoah there buddy. Getting a little over confident there? +50% Entity Damage with melee, -20% Attack Speed, +20% Run speed, +1 STR, -Attack Stamina." tooltip_key="Drunken Fool" icon="ui_game_symbol_beer" icon_color="0,153,0" icon_blink="true" tags="drug">
		<stack_type value="replace"/>
		<duration value="45"/>
		<effect_group>
			<passive_effect name="RunSpeed" operation="perc_add" value=".2"/>
			<passive_effect name="AttributeLevel" operation="base_subtract" value="1" tags="attStrength"/>
				<triggered_effect trigger="onSelfBuffStart" action="AddBuff" target="self" buff="buffPerkAbilityUpdate"/>
				<triggered_effect trigger="onSelfBuffRemove" action="AddBuff" target="self" buff="buffPerkAbilityUpdate"/>
			<passive_effect name="EntityDamage" operation="perc_add" value="1" tags="melee,fists"/>
			<passive_effect name="PhysicalDamageResist" operation="base_add" value="20" tags="coredamageresist"/>
			<passive_effect name="StaminaLoss" operation="base_add" value="15" tags="primary,secondary"/>
			<passive_effect name="AttacksPerMinute" operation="perc_add" value="-.2" tags="primary,secondary" />
					<triggered_effect trigger="onSelfBuffRemove" action="AddBuff" target="self" buff="buffPuking1">
									<requirement name="RandomRoll" seed_type="Random" target="self" min_max="0,100" operation="LTE" value="25"/>
									<requirement name="HasBuff" buff="buffDrunky"/>
					</triggered_effect>
				<triggered_effect trigger="onSelfBuffStart" action="ModifyScreenEffect" intensity="0.4" fade=".8" effect_name="Drunk"/>
			<triggered_effect trigger="onSelfBuffUpdate" action="ModifyScreenEffect" intensity=".2" fade=".8" effect_name="Drunk"/>
			<triggered_effect trigger="onSelfBuffRemove" action="ModifyScreenEffect" intensity="0" effect_name="Drunk"/>
					<triggered_effect trigger="onSelfBuffUpdate" action="Ragdoll" target="self" duration="3">
									<requirement name="RandomRoll" seed_type="Random" target="self" min_max="0,100" operation="LTE" value="2"/>
									<requirement name="HasBuff" buff="buffDrunky"/>
					</triggered_effect>
					<triggered_effect trigger="onSelfBuffUpdate" action="RemoveBuff" target="self" buff="buffHotWings,buffNightTime,buffRiseAndShine,buffHealthy,buffAllNatural,buffIScream">
						<requirement name="HasBuff" buff="buffDrunky"/>
					</triggered_effect>
		</effect_group>
	</buff>
	
	<buff name="buffMilk" name_key="Milk" description_key="Straight from the teat!" tooltip_key="Moooooooooo!" icon="ui_game_symbol_bull" icon_color="217,217,35" icon_blink="true" tags="drug">
		<stack_type value="replace"/>
		<duration value="3"/>
		<effect_group>
					<triggered_effect trigger="onSelfBuffUpdate" action="RemoveBuff" target="self" buff="buffHotWings">
									<requirement name="RandomRoll" seed_type="Random" target="self" min_max="0,100" operation="LTE" value="25"/>
						<requirement name="HasBuff" buff="buffMilk"/>
					</triggered_effect>
					<triggered_effect trigger="onSelfBuffUpdate" action="RemoveBuff" target="self" buff="buffDrunky">
									<requirement name="RandomRoll" seed_type="Random" target="self" min_max="0,100" operation="LTE" value="15"/>
						<requirement name="HasBuff" buff="buffMilk"/>
					</triggered_effect>
		</effect_group>
	</buff>
</append>
</configs>